en	en	affect	Have an effect on; make a difference to.
en	en	and	Used to connect words of the same part of speech, clauses, or sentences, that are to be taken jointly.
en	en	bottle	A container, typically made of glass or plastic and with a narrow neck, used for storing drinks or other liquids.
en	en	brief	Of short duration.
en	en	card	A piece of thick, stiff paper or thin pasteboard, in particular one used for writing or printing on.
en	en	carrier	A person or thing that carries, holds, or conveys something.
en	en	cream	The thick white or pale yellow fatty liquid which rises to the top when milk is left to stand and which can be eaten as an accompaniment to desserts or used as a cooking ingredient.
en	en	definite	Clearly stated or decided; not vague or doubtful.
en	en	details	An individual feature, fact, or item.
en	en	discernable	Able to be discerned; perceptible.
en	en	effect	A change which is a result or consequence of an action or other cause.
en	en	em	Electromagnetic.
en	en	error	A mistake.
en	en	escape	Break free from confinement or control.
en	en	especially	Used to single out one person, thing, or situation over all others.
en	en	essay	A short piece of writing on a particular subject.
en	en	establish	Set up (an organization, system, or set of rules) on a firm or permanent basis.
en	en	estate	An extensive area of land in the country, usually with a large house, owned by one person, family, or organization.
en	en	estimate	Roughly calculate or judge the value, number, quantity, or extent of.
en	en	ethical	Relating to moral principles or the branch of knowledge dealing with these.
en	en	euro	The single European currency, which replaced the national currencies of France, Germany, Spain, Italy, Greece, Portugal, Luxembourg, Austria, Finland, the Republic of Ireland, Belgium, and the Netherlands in 2002. Nineteen member states of the European Union now use the euro.
en	en	evaluate	Form an idea of the amount, number, or value of; assess.
en	en	even	Flat and smooth.
en	en	evening	The period of time at the end of the day, usually from about 6 p.m. to bedtime.
en	en	event	A thing that happens, especially one of importance.
en	en	eventually	In the end, especially after a long delay, dispute, or series of problems.
en	en	ever	At any time.
en	en	every	(preceding a singular noun) used to refer to all the individual members of a set without exception.
en	en	everybody	Every person.
en	en	everyday	Happening or used every day; daily.
en	en	everyone	Every person.
en	en	everything	All things; all the things of a group or class.
en	en	everywhere	In or to all places.
en	en	evidence	The available body of facts or information indicating whether a belief or proposition is true or valid.
en	en	evil	Profoundly immoral and wicked.
en	en	exact	Not approximated in any way; precise.
en	en	exactly	Without discrepancy (used to emphasize the accuracy of a figure or description).
en	en	exam	Short for examination (sense 2).
en	en	examination	A detailed inspection or investigation.
en	en	examine	Inspect (someone or something) in detail to determine their nature or condition; investigate thoroughly.
en	en	example	A thing characteristic of its kind or illustrating a general rule.
en	en	excellent	Extremely good; outstanding.
en	en	except	Not including; other than.
en	en	exchange	An act of giving one thing and receiving another (especially of the same type or value) in return.
en	en	excited	Cause strong feelings of enthusiasm and eagerness in (someone).
en	en	excitement	A feeling of great enthusiasm and eagerness.
en	en	exciting	Cause strong feelings of enthusiasm and eagerness in (someone).
en	en	excuse	Attempt to lessen the blame attaching to (a fault or offense); seek to defend or justify.
en	en	executive	Having the power to put plans, actions, or laws into effect.
en	en	exercise	Activity requiring physical effort, carried out to sustain or improve health and fitness.
en	en	exhibition	A public display of works of art or items of interest, held in an art gallery or museum or at a trade fair.
en	en	exist	Have objective reality or being.
en	en	existence	The fact or state of living or having objective reality.
en	en	expand	Become or make larger or more extensive.
en	en	expectation	A strong belief that something will happen or be the case in the future.
en	en	expected	Regarded as likely; anticipated.
en	en	expedition	A journey or voyage undertaken by a group of people with a particular purpose, especially that of exploration, scientific research, or war.
en	en	expense	The cost required for something; the money spent on something.
en	en	expensive	Costing a lot of money.
en	en	experience	Practical contact with and observation of facts or events.
en	en	experienced	Having knowledge or skill in a particular field, especially a profession or job, gained over a period of time.
en	en	experiment	A scientific procedure undertaken to make a discovery, test a hypothesis, or demonstrate a known fact.
en	en	expert	A person who has a comprehensive and authoritative knowledge of or skill in a particular area.
en	en	explain	Make (an idea, situation, or problem) clear to someone by describing it in more detail or revealing relevant facts or ideas.
en	en	explanation	A statement or account that makes something clear.
en	en	explode	Burst or shatter violently and noisily as a result of rapid combustion, decomposition, excessive internal pressure, or other process, typically scattering fragments widely.
en	en	exploration	The action of traveling in or through an unfamiliar area in order to learn about it.
en	en	explore	Travel in or through (an unfamiliar country or area) in order to learn about or familiarize oneself with it.
en	en	explosion	A violent and destructive shattering or blowing apart of something, as is caused by a bomb.
en	en	export	Send (goods or services) to another country for sale.
en	en	expose	Make (something) visible by uncovering it.
en	en	express	Operating at high speed.
en	en	expression	The process of making known one's thoughts or feelings.
en	en	extend	Cause to cover a larger area; make longer or wider.
en	en	extent	The area covered by something.
en	en	external	Belonging to or forming the outer surface or structure of something.
en	en	extra	Added to an existing or usual amount or number.
en	en	extraordinary	Very unusual or remarkable.
en	en	extravagant	Lacking restraint in spending money or using resources.
en	en	extreme	Reaching a high or the highest degree; very great.
en	en	extremely	To a very great degree; very.
en	en	eye	Each of a pair of globular organs in the head through which people and vertebrate animals see, the visible part typically appearing almond-shaped in animals with eyelids.
en	en	face	The front part of a person's head from the forehead to the chin, or the corresponding part in an animal.
en	en	facility	A place, amenity, or piece of equipment provided for a particular purpose.
en	en	fact	A thing that is known or proved to be true.
en	en	factor	A circumstance, fact, or influence that contributes to a result or outcome.
en	en	factory	A building or group of buildings where goods are manufactured or assembled chiefly by machine.
en	en	fail	Be unsuccessful in achieving one's goal.
en	en	failure	Lack of success.
en	en	fair	In accordance with the rules or standards; legitimate.
en	en	fairly	With justice.
en	en	faith	Complete trust or confidence in someone or something.
en	en	fall	Move downward, typically rapidly and freely without control, from a higher to a lower level.
en	en	false	Not according with truth or fact; incorrect.
en	en	familiar	Well known from long or close association.
en	en	family	A group consisting of parents and children living together in a household.
en	en	famous	Known about by many people.
en	en	fan	An apparatus with rotating blades that creates a current of air for cooling or ventilation.
en	en	fancy	Elaborate in structure or decoration.
en	en	fantastic	Extraordinarily good or attractive.
en	en	far	At, to, or by a great distance (used to indicate the extent to which one thing is distant from another).
en	en	farm	An area of land and its buildings used for growing crops and rearing animals, typically under the control of one owner or manager.
en	en	farmer	A person who owns or manages a farm.
en	en	farming	Make one's living by growing crops or keeping livestock.
en	en	fascinating	Extremely interesting.
en	en	fashion	A popular trend, especially in styles of dress and ornament or manners of behavior.
en	en	fashionable	Characteristic of, influenced by, or representing a current popular trend or style.
en	en	fast	Moving or capable of moving at high speed.
en	en	fasten	Close or join securely.
en	en	fat	A natural oily or greasy substance occurring in animal bodies, especially when deposited as a layer under the skin or around certain organs.
en	en	father	A man in relation to his child or children.
en	en	fault	An unattractive or unsatisfactory feature, especially in a piece of work or in a person's character.
en	en	favour	Approval, support, or liking for someone or something.
en	en	favourite	Preferred before all others of the same kind.
en	en	fear	An unpleasant emotion caused by the belief that someone or something is dangerous, likely to cause pain, or a threat.
en	en	feather	Any of the flat appendages growing from a bird's skin and forming its plumage, consisting of a partly hollow horny shaft fringed with vanes of barbs.
en	en	feature	A distinctive attribute or aspect of something.
en	en	february	The second month of the year, in the northern hemisphere usually considered the last month of winter.
en	en	fee	A payment made to a professional person or to a professional or public body in exchange for advice or services.
en	en	feed	Give food to.
en	en	feedback	Information about reactions to a product, a person's performance of a task, etc. which is used as a basis for improvement.
en	en	feel	Be aware of (a person or object) through touching or being touched.
en	en	feeling	An emotional state or reaction.
en	en	fellow	A man or boy.
en	en	female	Of or denoting the sex that can bear offspring or produce eggs, distinguished biologically by the production of gametes (ova) which can be fertilized by male gametes.
en	en	fence	A barrier, railing, or other upright structure, typically of wood or wire, enclosing an area of ground to mark a boundary, control access, or prevent escape.
en	en	festival	A day or period of celebration, typically a religious commemoration.
en	en	few	A small number of.
en	en	fiction	Literature in the form of prose, especially short stories and novels, that describes imaginary events and people.
en	en	field	An area of open land, especially one planted with crops or pasture, typically bounded by hedges or fences.
en	en	fifteen	Equivalent to the product of three and five; one more than fourteen, or five more than ten; 15.
en	en	fifth	Constituting number five in a sequence; 5th.
en	en	fifty	The number equivalent to the product of five and ten; half of one hundred; 50.
en	en	fighting	The action of fighting; violence or conflict.
en	en	figure	A number, especially one which forms part of official statistics or relates to the financial performance of a company.
en	en	file	A folder or box for holding loose papers that are typically arranged in a particular order for easy reference.
en	en	fill	Put someone or something into (a space or container) so that it is completely or almost completely full.
en	en	film	A thin flexible strip of plastic or other material coated with light-sensitive emulsion for exposure in a camera, used to produce photographs or motion pictures.
en	en	final	Coming at the end of a series.
en	en	finally	After a long time, typically involving difficulty or delay.
en	en	finance	The management of large amounts of money, especially by governments or large companies.
en	en	financial	Relating to finance.
en	en	find	Discover or perceive by chance or unexpectedly.
en	en	finding	The action of finding someone or something.
en	en	fine	Of high quality.
en	en	finger	Each of the four slender jointed parts attached to either hand (or five, if the thumb is included).
en	en	finish	Bring (a task or activity) to an end; complete.
en	en	fire	Combustion or burning, in which substances combine chemically with oxygen from the air and typically give out bright light, heat, and smoke.
en	en	firm	Having a solid, almost unyielding surface or structure.
en	en	first	Coming before all others in time or order; earliest; 1st.
en	en	firstly	Used to introduce a first point or reason.
en	en	fish	A limbless cold-blooded vertebrate animal with gills and fins and living wholly in water.
en	en	fishing	The activity of catching fish, either for food or as a sport.
en	en	fit	Of a suitable quality, standard, or type to meet the required purpose.
en	en	fitness	The condition of being physically fit and healthy.
en	en	five	Equivalent to the sum of two and three; one more than four, or half of ten; 5.
en	en	fix	Fasten (something) securely in a particular place or position.
en	en	fixed	Fasten (something) securely in a particular place or position.
en	en	flag	A piece of cloth or similar material, typically oblong or square, attachable by one edge to a pole or rope and used as the symbol or emblem of a country or institution or as a decoration during public festivities.
en	en	flame	A hot glowing body of ignited gas that is generated by something on fire.
en	en	flash	(of a light or something that reflects light) shine in a bright but brief, sudden, or intermittent way.
en	en	flat	Smooth and even; without marked lumps or indentations.
en	en	flexible	Capable of bending easily without breaking.
en	en	flight	The action or process of flying through the air.
en	en	float	Rest or move on or near the surface of a liquid without sinking.
en	en	flood	An overflowing of a large amount of water beyond its normal confines, especially over what is normally dry land.
en	en	floor	The lower surface of a room, on which one may walk.
en	en	flour	A powder obtained by grinding grain, typically wheat, and used to make bread, cakes, and pastry.
en	en	flow	(of a fluid, gas, or electricity) move along or out steadily and continuously in a current or stream.
en	en	flower	The seed-bearing part of a plant, consisting of reproductive organs (stamens and carpels) that are typically surrounded by a brightly colored corolla (petals) and a green calyx (sepals).
en	en	flu	Short for influenza.
en	en	fly	(of a bird, bat, or insect) move through the air using wings.
en	en	flying	Moving or able to move through the air with wings.
en	en	focus	The center of interest or activity.
en	en	fold	Bend (something flexible and relatively flat) over on itself so that one part of it covers another.
en	en	folding	Bend (something flexible and relatively flat) over on itself so that one part of it covers another.
en	en	folk	People in general.
en	en	follow	Go or come after (a person or thing proceeding ahead); move or travel behind.
en	en	following	Coming after or as a result of.
en	en	font	A receptacle in a church for the water used in baptism, typically a freestanding stone structure.
en	en	food	Any nutritious substance that people or animals eat or drink or that plants absorb in order to maintain life and growth.
en	en	foot	The lower extremity of the leg below the ankle, on which a person stands or walks.
en	en	football	A form of team game played in North America with an oval ball on a field marked out as a gridiron.
en	en	force	Strength or energy as an attribute of physical action or movement.
en	en	foreign	Of, from, in, or characteristic of a country or language other than one's own.
en	en	forest	A large area covered chiefly with trees and undergrowth.
en	en	forever	For all future time; for always.
en	en	forget	Fail to remember.
en	en	forgive	Stop feeling angry or resentful toward (someone) for an offense, flaw, or mistake.
en	en	fork	An implement with two or more prongs used for lifting food to the mouth or holding it when cutting.
en	en	form	The visible shape or configuration of something.
en	en	formal	Done in accordance with rules of convention or etiquette; suitable for or constituting an official or important situation or occasion.
en	en	former	Having previously filled a particular role or been a particular thing.
en	en	fortunately	It is fortunate that.
en	en	fortune	Chance or luck as an external, arbitrary force affecting human affairs.
en	en	forty	The number equivalent to the product of four and ten; ten less than fifty; 40.
en	en	forward	In the direction that one is facing or traveling; toward the front.
en	en	found	Past and past participle of find.
en	en	four	Equivalent to the product of two and two; one more than three, or six less than ten; 4.
en	en	fourteen	Equivalent to the product of seven and two; one more than thirteen, or six less than twenty; 14.
en	en	fourth	Constituting number four in a sequence; 4th.
en	en	frame	A rigid structure that surrounds or encloses something such as a door or window.
en	en	free	Not under the control or in the power of another; able to act or be done as one wishes.
en	en	freedom	The power or right to act, speak, or think as one wants without hindrance or restraint.
en	en	freeze	(of a liquid) be turned into ice or another solid as a result of extreme cold.
en	en	frequency	The rate at which something occurs or is repeated over a particular period of time or in a given sample.
en	en	frequently	Regularly or habitually; often.
en	en	fresh	(of food) recently made or obtained; not canned, frozen, or otherwise preserved.
en	en	friday	The day of the week before Saturday and following Thursday.
en	en	fridge	A refrigerator.
en	en	friend	A person whom one knows and with whom one has a bond of mutual affection, typically exclusive of sexual or family relations.
en	en	friendly	Kind and pleasant.
en	en	friendship	The emotions or conduct of friends; the state of being friends.
en	en	frighten	Make (someone) afraid or anxious.
en	en	frightened	Afraid or anxious.
en	en	frightening	Making someone afraid or anxious; terrifying.
en	en	frog	A tailless amphibian with a short squat body, moist smooth skin, and very long hind legs for leaping.
en	en	from	Indicating the point in space at which a journey, motion, or action starts.
en	en	front	The side or part of an object that presents itself to view or that is normally seen or used first; the most forward part of something.
en	en	frozen	Past participle of freeze.
en	en	fruit	The sweet and fleshy product of a tree or other plant that contains seed and can be eaten as food.
en	en	fry	Cook (food) in hot fat or oil, typically in a shallow pan.
en	en	fuel	Material such as coal, gas, or oil that is burned to produce heat or power.
en	en	full	Containing or holding as much or as many as possible; having no empty space.
en	en	fully	Completely or entirely; to the furthest extent.
en	en	fun	Enjoyment, amusement, or lighthearted pleasure.
en	en	function	An activity or purpose natural to or intended for a person or thing.
en	en	fund	A sum of money saved or made available for a particular purpose.
en	en	fundamental	Forming a necessary base or core; of central importance.
en	en	funding	Money provided, especially by an organization or government, for a particular purpose.
en	en	funny	Causing laughter or amusement; humorous.
en	en	fur	The short, fine, soft hair of certain animals.
en	en	furniture	Large movable equipment, such as tables and chairs, used to make a house, office, or other space suitable for living or working.
en	en	further	At, to, or by a greater distance (used to indicate the extent to which one thing or person is or becomes distant from another).
en	en	furthermore	In addition; besides (used to introduce a fresh consideration in an argument).
en	en	future	The time or a period of time following the moment of speaking or writing; time regarded as still to come.
en	en	gain	Obtain or secure (something desired, favorable, or profitable).
en	en	gaining	Obtain or secure (something desired, favorable, or profitable).
en	en	gallery	A room or building for the display or sale of works of art.
en	en	game	A form of play or sport, especially a competitive one played according to rules and decided by skill, strength, or luck.
en	en	gang	An organized group of criminals.
en	en	gap	A break or hole in an object or between two objects.
en	en	garage	A building for housing a motor vehicle or vehicles.
en	en	garden	A small piece of ground used to grow vegetables, fruit, herbs, or flowers.
en	en	gas	A substance or matter in a state in which it will expand freely to fill the whole of a container, having no fixed shape (unlike a solid) and no fixed volume (unlike a liquid).
en	en	gate	A hinged barrier used to close an opening in a wall, fence, or hedge.
en	en	gather	Come together; assemble or accumulate.
en	en	general	Affecting or concerning all or most people, places, or things; widespread.
en	en	generally	In most cases; usually.
en	en	generate	Cause (something, especially an emotion or situation) to arise or come about.
en	en	generation	All of the people born and living at about the same time, regarded collectively.
en	en	generous	(of a person) showing a readiness to give more of something, as money or time, than is strictly necessary or expected.
en	en	genre	A category of artistic composition, as in music or literature, characterized by similarities in form, style, or subject matter.
en	en	gentle	Having or showing a mild, kind, or tender temperament or character.
en	en	gentleman	A chivalrous, courteous, or honorable man.
en	en	geography	The study of the physical features of the earth and its atmosphere, and of human activity as it affects and is affected by these, including the distribution of populations and resources, land use, and industries.
en	en	get	Come to have or hold (something); receive.
en	en	ghost	An apparition of a dead person which is believed to appear or become manifest to the living, typically as a nebulous image.
en	en	giant	An imaginary or mythical being of human form but superhuman size.
en	en	gift	A thing given willingly to someone without payment; a present.
en	en	girl	A female child.
en	en	girlfriend	A regular female companion with whom a person has a romantic or sexual relationship.
en	en	give	Freely transfer the possession of (something) to (someone); hand over to.
en	en	glad	Pleased; delighted.
en	en	glass	A hard, brittle substance, typically transparent or translucent, made by fusing sand with soda, lime, and sometimes other ingredients and cooling rapidly. It is used to make windows, drinking containers, and other articles.
en	en	global	Relating to the whole world; worldwide.
en	en	glove	A covering for the hand worn for protection against cold or dirt and typically having separate parts for each finger and the thumb.
en	en	go	Move from one place to another; travel.
en	en	goal	(in football, soccer, rugby, hockey, and some other games) a pair of posts linked by a crossbar and often with a net attached behind it, forming a space into or over which the ball has to be sent in order to score.
en	en	god	(in Christianity and other monotheistic religions) the creator and ruler of the universe and source of all moral authority; the supreme being.
en	en	gold	A yellow precious metal, the chemical element of atomic number 79, used especially in jewelry and decoration and to guarantee the value of currencies.
en	en	golf	A game played on a large open-air course, in which a small hard ball is struck with a club into a series of small holes in the ground, the object being to use the fewest possible strokes to complete the course.
en	en	good	To be desired or approved of.
en	en	goodbye	Used to express good wishes when parting or at the end of a conversation.
en	en	goods	Merchandise or possessions.
en	en	govern	Conduct the policy, actions, and affairs of (a state, organization, or people).
en	en	government	The governing body of a nation, state, or community.
en	en	grab	Grasp or seize suddenly and roughly.
en	en	grade	A particular level of rank, quality, proficiency, intensity, or value.
en	en	gradually	In a gradual way; slowly; by degrees.
en	en	graduate	A person who has successfully completed a course of study or training, especially a person who has been awarded an undergraduate academic degree.
en	en	grain	Wheat or any other cultivated cereal crop used as food.
en	en	grand	Magnificent and imposing in appearance, size, or style.
en	en	grandfather	The father of one's father or mother.
en	en	grandmother	The mother of one's father or mother.
en	en	grandparent	A parent of one's father or mother; a grandmother or grandfather.
en	en	grant	Agree to give or allow (something requested) to.
en	en	grass	Vegetation consisting of typically short plants with long, narrow leaves, growing wild or cultivated on lawns and pasture, and as a fodder crop.
en	en	grateful	Feeling or showing an appreciation of kindness; thankful.
en	en	great	Of an extent, amount, or intensity considerably above the normal or average.
en	en	green	Of the color between blue and yellow in the spectrum; colored like grass or emeralds.
en	en	greet	Give a polite word or sign of welcome or recognition to (someone) on meeting.
en	en	grey	Of a color intermediate between black and white, as of ashes or lead.
en	en	ground	The solid surface of the earth.
en	en	group	A number of people or things that are located close together or are considered or classed together.
en	en	grow	(of a living thing) undergo natural development by increasing in size and changing physically; progress to maturity.
en	en	growth	The process of increasing in physical size.
en	en	guarantee	A formal promise or assurance (typically in writing) that certain conditions will be fulfilled, especially that a product will be repaired or replaced if not of a specified quality and durability.
en	en	guard	Watch over in order to protect or control.
en	en	guess	Estimate or suppose (something) without sufficient information to be sure of being correct.
en	en	guest	A person who is invited to visit the home of or take part in a function organized by another.
en	en	guide	A person who advises or shows the way to others.
en	en	guilty	Culpable of or responsible for a specified wrongdoing.
en	en	guitar	A stringed musical instrument, with a fretted fingerboard, typically incurved sides, and six or twelve strings, played by plucking or strumming with the fingers or a plectrum.
en	en	gun	A weapon incorporating a metal tube from which bullets, shells, or other missiles are propelled by explosive force, typically making a characteristic loud, sharp noise.
en	en	guy	A man.
en	en	gym	A gymnasium.
en	en	gymnasium	A room or building equipped for gymnastics, games, and other physical exercise.
en	en	habit	A settled or regular tendency or practice, especially one that is hard to give up.
en	en	hair	Any of the fine threadlike strands growing from the skin of humans, mammals, and some other animals.
en	en	half	Either of two equal or corresponding parts into which something is or can be divided.
en	en	hall	An area in a building onto which rooms open; a corridor.
en	en	hand	The end part of a person's arm beyond the wrist, including the palm, fingers, and thumb.
en	en	handle	Feel or manipulate with the hands.
en	en	hang	Suspend or be suspended from above with the lower part dangling free.
en	en	happen	Take place; occur.
en	en	happily	In a happy way.
en	en	happiness	The state of being happy.
en	en	happy	Feeling or showing pleasure or contentment.
en	en	hard	Solid, firm, and rigid; not easily broken, bent, or pierced.
en	en	hardly	Scarcely (used to qualify a statement by saying that it is true to an insignificant degree).
en	en	harm	Physical injury, especially that which is deliberately inflicted.
en	en	harmful	Causing or likely to cause harm.
en	en	hat	A shaped covering for the head worn for warmth, as a fashion item, or as part of a uniform.
en	en	hate	Feel intense or passionate dislike for (someone).
en	en	have	Possess, own, or hold.
en	en	head	The upper part of the human body, or the front or upper part of the body of an animal, typically separated from the rest of the body by a neck, and containing the brain, mouth, and sense organs.
en	en	headache	A continuous pain in the head.
en	en	headline	A heading at the top of an article or page in a newspaper or magazine.
en	en	health	The state of being free from illness or injury.
en	en	hear	Perceive with the ear the sound made by (someone or something).
en	en	hearing	The faculty of perceiving sounds.
en	en	heart	A hollow muscular organ that pumps the blood through the circulatory system by rhythmic contraction and dilation. In vertebrates there may be up to four chambers (as in humans), with two atria and two ventricles.
en	en	heat	The quality of being hot; high temperature.
en	en	heating	Equipment or devices used to provide heat, especially to a building.
en	en	heaven	A place regarded in various religions as the abode of God (or the gods) and the angels, and of the good after death, often traditionally depicted as being above the sky.
en	en	heavily	To a great degree; in large amounts.
en	en	heavy	Of great weight; difficult to lift or move.
en	en	heel	The back part of the human foot below the ankle.
en	en	height	The measurement from base to top or (of a standing person) from head to foot.
en	en	helicopter	A type of aircraft which derives both lift and propulsion from one or more sets of horizontally revolving overhead rotors. It is capable of moving vertically and horizontally, the direction of motion being controlled by the pitch of the rotor blades.
en	en	hell	A place regarded in various religions as a spiritual realm of evil and suffering, often traditionally depicted as a place of perpetual fire beneath the earth where the wicked are punished after death.
en	en	hello	Used as a greeting or to begin a telephone conversation.
en	en	help	Make it easier for (someone) to do something by offering one's services or resources.
en	en	helpful	Giving or ready to give help.
en	en	her	Used as the object of a verb or preposition to refer to a female person or animal previously mentioned or easily identified.
en	en	here	In, at, or to this place or position.
en	en	hero	A person who is admired or idealized for courage, outstanding achievements, or noble qualities.
en	en	hers	Used to refer to a thing or things belonging to or associated with a female person or animal previously mentioned.
en	en	herself	Used as the object of a verb or preposition to refer to a female person or animal previously mentioned as the subject of the clause.
en	en	hesitate	Pause before saying or doing something, especially through uncertainty.
en	en	hey	Used to attract attention, to express surprise, interest, or annoyance, or to elicit agreement.
en	en	hide	Put or keep out of sight; conceal from the view or notice of others.
en	en	high	Of great vertical extent.
en	en	highlight	An outstanding part of an event or period of time.
en	en	highly	To a high degree or level.
en	en	hill	A naturally raised area of land, not as high or craggy as a mountain.
en	en	him	Used as the object of a verb or preposition to refer to a male person or animal previously mentioned or easily identified.
en	en	himself	Used as the object of a verb or preposition to refer to a male person or animal previously mentioned as the subject of the clause.
en	en	hire	Employ (someone) for wages.
en	en	his	Belonging to or associated with a male person or animal previously mentioned or easily identified.
en	en	historic	Famous or important in history, or potentially so.
en	en	historical	Of or concerning history; concerning past events.
en	en	history	The study of past events, particularly in human affairs.
en	en	hit	Bring one's hand or a tool or weapon into contact with (someone or something) quickly and forcefully.
en	en	hobby	An activity done regularly in one's leisure time for pleasure.
en	en	hockey	Short for ice hockey or field hockey.
en	en	hold	Grasp, carry, or support with one's arms or hands.
en	en	hole	A hollow place in a solid body or surface.
en	en	holiday	A day of festivity or recreation when no work is done.
en	en	hollow	Having a hole or empty space inside.
en	en	holy	Dedicated or consecrated to God or a religious purpose; sacred.
en	en	home	The place where one lives permanently, especially as a member of a family or household.
en	en	homework	Schoolwork that a student is required to do at home.
en	en	honest	Free of deceit and untruthfulness; sincere.
en	en	honour	High respect; great esteem.
en	en	hope	A feeling of expectation and desire for a certain thing to happen.
en	en	horrible	Causing or likely to cause horror; shocking.
en	en	horror	An intense feeling of fear, shock, or disgust.
en	en	horse	A large plant-eating domesticated mammal with solid hoofs and a flowing mane and tail, used for riding, racing, and to carry and pull loads.
en	en	hospital	An institution providing medical and surgical treatment and nursing care for sick or injured people.
en	en	host	A person who receives or entertains other people as guests.
en	en	hot	Having a high degree of heat or a high temperature.
en	en	hotel	An establishment providing accommodations, meals, and other services for travelers and tourists.
en	en	hour	A period of time equal to a twenty-fourth part of a day and night and divided into 60 minutes.
en	en	house	A building for human habitation, especially one that is lived in by a family or small group of people.
en	en	household	A house and its occupants regarded as a unit.
en	en	housing	Houses and apartments considered collectively.
en	en	how	In what way or manner; by what means.
en	en	however	Used to introduce a statement that contrasts with or seems to contradict something that has been said previously.
en	en	huge	Extremely large; enormous.
en	en	human	Relating to or characteristic of people or human beings.
en	en	humorous	Causing lighthearted laughter and amusement; comic.
en	en	humour	The quality of being amusing or comic, especially as expressed in literature or speech.
en	en	hundred	The number equivalent to the product of ten and ten; ten more than ninety; 100.
en	en	hungry	Feeling or displaying the need for food.
en	en	hunt	Pursue and kill (a wild animal) for sport or food.
en	en	hunting	Pursue and kill (a wild animal) for sport or food.
en	en	hurricane	A storm with a violent wind, in particular a tropical cyclone in the Caribbean.
en	en	hurry	Move or act with great haste.
en	en	hurt	Cause physical pain or injury to.
en	en	husband	A married man considered in relation to his spouse.
en	en	h√†ng	Suspend or be suspended from above with the lower part dangling free.
en	en	ice	Frozen water, a brittle transparent crystalline solid.
en	en	idea	A thought or suggestion as to a possible course of action.
en	en	ideal	Satisfying one's conception of what is perfect; most suitable.
en	en	identify	Establish or indicate who or what (someone or something) is.
en	en	identity	The fact of being who or what a person or thing is.
en	en	if	(introducing a conditional clause) on the condition or supposition that; in the event that.
en	en	ignore	Refuse to take notice of or acknowledge; disregard intentionally.
en	en	ill	Not in full health; sick.
en	en	illegal	Contrary to or forbidden by law, especially criminal law.
en	en	illness	A disease or period of sickness affecting the body or mind.
en	en	illustrate	Provide (a book, newspaper, etc.) with pictures.
en	en	illustration	A picture illustrating a book, newspaper, etc.
en	en	image	A representation of the external form of a person or thing in art.
en	en	imaginary	Existing only in the imagination.
en	en	imagination	The faculty or action of forming new ideas, or images or concepts of external objects not present to the senses.
en	en	imagine	Form a mental image or concept of.
en	en	immediate	Occurring or done at once; instant.
en	en	immediately	At once; instantly.
en	en	immigrant	A person who comes to live permanently in a foreign country.
en	en	impact	The action of one object coming forcibly into contact with another.
en	en	impatient	Having or showing a tendency to be quickly irritated or provoked.
en	en	imply	Strongly suggest the truth or existence of (something not expressly stated).
en	en	import	Bring (goods or services) into a country from abroad for sale.
en	en	importance	The state or fact of being of great significance or value.
en	en	important	Of great significance or value; likely to have a profound effect on success, survival, or well-being.
en	en	impose	Force (something unwelcome or unfamiliar) to be accepted or put in place.
en	en	impossible	Not able to occur, exist, or be done.
en	en	impress	Make (someone) feel admiration and respect.
en	en	impressed	Make (someone) feel admiration and respect.
en	en	impression	An idea, feeling, or opinion about something or someone, especially one formed without conscious thought or on the basis of little evidence.
en	en	impressive	Evoking admiration through size, quality, or skill; grand, imposing, or awesome.
en	en	improve	Make or become better.
en	en	improvement	An example or instance of improving or being improved.
en	en	inch	A unit of linear measure equal to one twelfth of a foot (2.54 cm).
en	en	incident	An event or occurrence.
en	en	include	Comprise or contain as part of a whole.
en	en	included	Comprise or contain as part of a whole.
en	en	including	Comprise or contain as part of a whole.
en	en	income	Money received, especially on a regular basis, for work or through investments.
en	en	increase	Become or make greater in size, amount, intensity, or degree.
en	en	increasingly	To an increasing extent; more and more.
en	en	incredible	Impossible to believe.
en	en	incredibly	To a great degree; extremely or unusually.
en	en	indeed	Used to emphasize a statement or response confirming something already suggested.
en	en	independent	Free from outside control; not depending on another's authority.
en	en	indicate	Point out; show.
en	en	indirect	Not directly caused by or resulting from something.
en	en	individual	Single; separate.
en	en	indoor	Situated, conducted, or used within a building or under cover.
en	en	indoors	Into or within a building.
en	en	industrial	Relating to or characterized by industry.
en	en	industry	Economic activity concerned with the processing of raw materials and manufacture of goods in factories.
en	en	infection	The process of infecting or the state of being infected.
en	en	influence	The capacity to have an effect on the character, development, or behavior of someone or something, or the effect itself.
en	en	inform	Give (someone) facts or information; tell.
en	en	informal	Having a relaxed, friendly, or unofficial style, manner, or nature.
en	en	information	Facts provided or learned about something or someone.
en	en	ingredient	Any of the foods or substances that are combined to make a particular dish.
en	en	initial	Existing or occurring at the beginning.
en	en	initially	At first.
en	en	initiative	The ability to assess and initiate things independently.
en	en	injure	Do physical harm or damage to (someone).
en	en	injured	Harmed, damaged, or impaired.
en	en	injury	An instance of being injured.
en	en	inner	Situated inside or further in; internal.
en	en	innocent	Not guilty of a crime or offense.
en	en	insect	A small arthropod animal that has six legs and generally one or two pairs of wings.
en	en	inside	The inner side or surface of something.
en	en	insight	The capacity to gain an accurate and deep intuitive understanding of a person or thing.
en	en	insist	Demand something forcefully, not accepting refusal.
en	en	inspire	Fill (someone) with the urge or ability to do or feel something, especially to do something creative.
en	en	install	Place or fix (equipment or machinery) in position ready for use.
en	en	instance	An example or single occurrence of something.
en	en	instead	As an alternative or substitute.
en	en	institute	A society or organization having a particular object or common factor, especially a scientific, educational, or social one.
en	en	institution	A society or organization founded for a religious, educational, social, or similar purpose.
en	en	instruction	A direction or order.
en	en	instructor	A person who teaches something.
en	en	instrument	A tool or implement, especially one for delicate or scientific work.
en	en	insurance	A practice or arrangement by which a company or government agency provides a guarantee of compensation for specified loss, damage, illness, or death in return for payment of a premium.
en	en	intelligence	The ability to acquire and apply knowledge and skills.
en	en	intelligent	Having or showing intelligence, especially of a high level.
en	en	intend	Have (a course of action) as one's purpose or objective; plan.
en	en	intended	Planned or meant.
en	en	intense	Of extreme force, degree, or strength.
en	en	intention	A thing intended; an aim or plan.
en	en	interest	The state of wanting to know or learn about something or someone.
en	en	interested	Showing curiosity or concern about something or someone; having a feeling of interest.
en	en	interesting	Arousing curiosity or interest; holding or catching the attention.
en	en	internal	Of or situated on the inside.
en	en	international	Existing, occurring, or carried on between two or more nations.
en	en	internet	A global computer network providing a variety of information and communication facilities, consisting of interconnected networks using standardized communication protocols.
en	en	interpret	Explain the meaning of (information, words, or actions).
en	en	interrupt	Stop the continuous progress of (an activity or process).
en	en	interview	A meeting of people face to face, especially for consultation.
en	en	into	Expressing movement or action with the result that someone or something becomes enclosed or surrounded by something else.
en	en	introduce	Bring (something, especially a product, measure, or concept) into use or operation for the first time.
en	en	introduction	The action of introducing something.
en	en	invent	Create or design (something that has not existed before); be the originator of.
en	en	invention	The action of inventing something, typically a process or device.
en	en	invest	Expend money with the expectation of achieving a profit or material result by putting it into financial schemes, shares, or property, or by using it to develop a commercial venture.
en	en	investigate	Carry out a systematic or formal inquiry to discover and examine the facts of (an incident, allegation, etc.) so as to establish the truth.
en	en	investigation	The action of investigating something or someone; formal or systematic examination or research.
en	en	investment	The action or process of investing money for profit or material result.
en	en	invitation	A written or verbal request inviting someone to go somewhere or to do something.
en	en	invite	Make a polite, formal, or friendly request to (someone) to go somewhere or to do something.
en	en	involve	(of a situation or event) include (something) as a necessary part or result.
en	en	involved	Difficult to comprehend; complicated.
en	en	iron	A strong, hard magnetic silvery-gray metal, the chemical element of atomic number 26, much used as a material for construction and manufacturing, especially in the form of steel.
en	en	island	A piece of land surrounded by water.
en	en	issue	An important topic or problem for debate or discussion.
en	en	it	Used to refer to a thing previously mentioned or easily identified.
en	en	item	An individual article or unit, especially one that is part of a list, collection, or set.
en	en	its	Belonging to or associated with a thing previously mentioned or easily identified.
en	en	itself	Used as the object of a verb or preposition to refer to a thing or animal previously mentioned as the subject of the clause.
en	en	jacket	An outer garment extending either to the waist or the hips, typically having sleeves and a fastening down the front.
en	en	jam	Squeeze or pack tightly into a specified space.
en	en	january	The first month of the year, in the northern hemisphere usually considered the second month of winter.
en	en	jazz	A type of music of black American origin characterized by improvisation, syncopation, and usually a regular or forceful rhythm, emerging at the beginning of the 20th century. Brass and woodwind instruments and piano are particularly associated with jazz, although guitar and occasionally violin are also used; styles include Dixieland, swing, bebop, and free jazz.
en	en	jeans	Hard-wearing trousers made of denim or other cotton fabric, for informal wear.
en	en	jewellery	Personal ornaments, such as necklaces, rings, or bracelets, that are typically made from or contain jewels and precious metal.
en	en	job	A paid position of regular employment.
en	en	join	Link; connect.
en	en	joke	A thing that someone says to cause amusement or laughter, especially a story with a funny punchline.
en	en	journal	A newspaper or magazine that deals with a particular subject or professional activity.
en	en	journalist	A person who writes for newspapers, magazines, or news websites or prepares news to be broadcast.
en	en	journey	An act of traveling from one place to another.
en	en	joy	A feeling of great pleasure and happiness.
en	en	judge	A public official appointed to decide cases in a court of law.
en	en	judgement	The ability to make considered decisions or come to sensible conclusions.
en	en	juice	The liquid obtained from or present in fruit or vegetables.
en	en	july	The seventh month of the year, in the northern hemisphere usually considered the second month of summer.
en	en	jump	Push oneself off a surface and into the air by using the muscles in one's legs and feet.
en	en	june	The sixth month of the year, in the northern hemisphere usually considered the first month of summer.
en	en	junior	Of, for, or denoting young or younger people.
en	en	just	Based on or behaving according to what is morally right and fair.
en	en	justice	Just behavior or treatment.
en	en	justify	Show or prove to be right or reasonable.
en	en	keen	Wail in grief for a dead person; sing a keen.
en	en	keep	Have or retain possession of.
en	en	key	A small piece of shaped metal with incisions cut to fit the wards of a particular lock, which is inserted into a lock and turned to open or close it.
en	en	keyboard	A panel of keys that operate a computer or typewriter.
en	en	kick	Strike or propel forcibly with the foot.
en	en	kid	A child or young person.
en	en	kill	Cause the death of (a person, animal, or other living thing).
en	en	killing	An act of causing death, especially deliberately.
en	en	kilometre	A metric unit of measurement equal to 1,000 meters (approximately 0.62 miles).
en	en	kind	A group of people or things having similar characteristics.
en	en	king	The male ruler of an independent state, especially one who inherits the position by right of birth.
en	en	kiss	Touch with the lips as a sign of love, sexual desire, reverence, or greeting.
en	en	kitchen	A room or area where food is prepared and cooked.
en	en	knee	The joint between the thigh and the lower leg in humans.
en	en	knife	An instrument composed of a blade fixed into a handle, used for cutting or as a weapon.
en	en	knock	Strike a surface noisily to attract attention, especially when waiting to be let in through a door.
en	en	know	Be aware of through observation, inquiry, or information.
en	en	knowledge	Facts, information, and skills acquired by a person through experience or education; the theoretical or practical understanding of a subject.
en	en	lab	A laboratory.
en	en	label	A small piece of paper, fabric, plastic, or similar material attached to an object and giving information about it.
en	en	laboratory	A room or building equipped for scientific experiments, research, or teaching, or for the manufacture of drugs or chemicals.
en	en	labour	Work, especially hard physical work.
en	en	lack	The state of being without or not having enough of something.
en	en	lady	A woman (used as a polite or old-fashioned form of reference).
en	en	lake	A large body of water surrounded by land.
en	en	lamp	A device for giving light, either one consisting of an electric bulb together with its holder and shade or cover, or one burning gas or a liquid fuel and consisting of a wick or mantle and a glass shade.
en	en	land	The part of the earth's surface that is not covered by water, as opposed to the sea or the air.
en	en	landscape	All the visible features of an area of countryside or land, often considered in terms of their aesthetic appeal.
en	en	language	The method of human communication, either spoken or written, consisting of the use of words in a structured and conventional way.
en	en	laptop	A computer that is portable and suitable for use while traveling.
en	en	large	Of considerable or relatively great size, extent, or capacity.
en	en	largely	To a great extent; on the whole; mostly.
en	en	late	Doing something or taking place after the expected, proper, or usual time.
en	en	later	Comparative of late (adjective).
en	en	latest	Doing something or taking place after the expected, proper, or usual time.
en	en	latter	Situated or occurring nearer to the end of something than to the beginning.
en	en	laugh	Make the spontaneous sounds and movements of the face and body that are the instinctive expressions of lively amusement and sometimes also of contempt or derision.
en	en	laughter	The action or sound of laughing.
en	en	launch	Set (a boat) in motion by pushing it or allowing it to roll into the water.
en	en	law	The system of rules which a particular country or community recognizes as regulating the actions of its members and which it may enforce by the imposition of penalties.
en	en	lawyer	A person who practices or studies law; an attorney or a counselor.
en	en	lay	Put down, especially gently or carefully.
en	en	layer	A sheet, quantity, or thickness of material, typically one of several, covering a surface or body.
en	en	lazy	Unwilling to work or use energy.
en	en	leader	The person who leads or commands a group, organization, or country.
en	en	leadership	The action of leading a group of people or an organization.
en	en	leaf	A flattened structure of a higher plant, typically green and blade-like, that is attached to a stem directly or via a stalk. Leaves are the main organs of photosynthesis and transpiration.
en	en	league	A collection of people, countries, or groups that combine for a particular purpose, typically mutual protection or cooperation.
en	en	lean	(of a person or animal) thin, especially healthily so; having no superfluous fat.
en	en	learn	Gain or acquire knowledge of or skill in (something) by study, experience, or being taught.
en	en	learning	Gain or acquire knowledge of or skill in (something) by study, experience, or being taught.
en	en	least	Smallest in amount, extent, or significance.
en	en	leather	A material made from the skin of an animal by tanning or a similar process.
en	en	leave	Go away from.
en	en	lecture	An educational talk to an audience, especially to students in a university or college.
en	en	left	On, toward, or relating to the side of a human body or of a thing that is to the west when the person or thing is facing north.
en	en	leg	Each of the limbs on which a person or animal walks and stands.
en	en	legal	Of, based on, or concerned with the law.
en	en	leisure	Free time.
en	en	lemon	A yellow, oval citrus fruit with thick skin and fragrant, acidic juice.
en	en	lend	Grant to (someone) the use of (something) on the understanding that it shall be returned.
en	en	length	The measurement or extent of something from end to end; the greater of two or the greatest of three dimensions of a body.
en	en	less	A smaller amount of; not as much.
en	en	lesson	An amount of teaching given at one time; a period of learning or teaching.
en	en	let	(in racket sports) a play that is nullified and has to be played again, especially when a served ball touches the top of the net.
en	en	letter	A character representing one or more of the sounds used in speech; any of the symbols of an alphabet.
en	en	level	A horizontal plane or line with respect to the distance above or below a given point.
en	en	library	A building or room containing collections of books, periodicals, and sometimes films and recorded music for people to read, borrow, or refer to.
en	en	licence	A permit from an authority to own or use something, do a particular thing, or carry on a trade (especially in alcoholic beverages).
en	en	life	The condition that distinguishes animals and plants from inorganic matter, including the capacity for growth, reproduction, functional activity, and continual change preceding death.
en	en	lifestyle	The way in which a person or group lives.
en	en	lift	Raise to a higher position or level.
en	en	light	The natural agent that stimulates sight and makes things visible.
en	en	like	Having the same characteristics or qualities as; similar to.
en	en	likely	Such as well might happen or be true; probable.
en	en	limit	A point or level beyond which something does not or may not extend or pass.
en	en	limited	Restricted in size, amount, or extent; few, small, or short.
en	en	line	A long, narrow mark or band.
en	en	link	A relationship between two things or situations, especially where one thing affects the other.
en	en	lion	A large tawny-colored cat that lives in prides, found in Africa and northwestern India. The male has a flowing shaggy mane and takes little part in hunting, which is done cooperatively by the females.
en	en	lip	Either of the two fleshy parts which form the upper and lower edges of the opening of the mouth.
en	en	liquid	A substance that flows freely but is of constant volume, having a consistency like that of water or oil.
en	en	list	A number of connected items or names written or printed consecutively, typically one below the other.
en	en	listen	Give one's attention to a sound.
en	en	listener	A person who listens, especially someone who does so in an attentive manner.
en	en	literature	Written works, especially those considered of superior or lasting artistic merit.
en	en	little	Small in size, amount, or degree (often used to convey an appealing diminutiveness or express an affectionate or condescending attitude).
en	en	lively	Full of life and energy; active and outgoing.
en	en	living	An income sufficient to live on or the means of earning it.
en	en	load	A heavy or bulky thing that is being carried or is about to be carried.
en	en	loan	A thing that is borrowed, especially a sum of money that is expected to be paid back with interest.
en	en	local	Belonging or relating to a particular area or neighborhood, typically exclusively so.
en	en	locate	Discover the exact place or position of.
en	en	located	Discover the exact place or position of.
en	en	location	A particular place or position.
en	en	lock	A mechanism for keeping a door, lid, etc., fastened, typically operated only by a key of a particular form.
en	en	logical	Of or according to the rules of logic or formal argument.
en	en	lonely	Sad because one has no friends or company.
en	en	long	Measuring a great distance from end to end.
en	en	look	Direct one's gaze toward someone or something or in a specified direction.
en	en	loose	Not firmly or tightly fixed in place; detached or able to be detached.
en	en	lord	Someone or something having power, authority, or influence; a master or ruler.
en	en	lorry	A large, heavy motor vehicle for transporting goods or troops; a truck.
en	en	lose	Be deprived of or cease to have or retain (something).
en	en	loss	The fact or process of losing something or someone.
en	en	lost	Past and past participle of lose.
en	en	lot	A large number or amount; a great deal.
en	en	loud	Producing or capable of producing much noise; easily audible.
en	en	loudly	In a way that produces much noise.
en	en	love	An intense feeling of deep affection.
en	en	lovely	Exquisitely beautiful.
en	en	low	Of less than average height from top to bottom or to the top from the ground.
en	en	lower	Comparative of low<sup>1</sup>.
en	en	luck	Success or failure apparently brought by chance rather than through one's own actions.
en	en	lucky	Having, bringing, or resulting from good luck.
en	en	lunch	A meal eaten in the middle of the day, typically one that is lighter or less formal than an evening meal.
en	en	lung	Each of the pair of organs situated within the rib cage, consisting of elastic sacs with branching passages into which air is drawn, so that oxygen can pass into the blood and carbon dioxide be removed. Lungs are characteristic of vertebrates other than fish, though similar structures are present in some other animal groups.
en	en	luxury	The state of great comfort and extravagant living.
en	en	machine	An apparatus using or applying mechanical power and having several parts, each with a definite function and together performing a particular task.
en	en	mad	Very angry.
en	en	magazine	A periodical publication containing articles and illustrations, typically covering a particular subject or area of interest.
en	en	magic	The power of apparently influencing the course of events by using mysterious or supernatural forces.
en	en	mail	Letters and packages conveyed by the postal system.
en	en	main	Chief in size or importance.
en	en	mainly	More than anything else.
en	en	maintain	Cause or enable (a condition or state of affairs) to continue.
en	en	major	Important, serious, or significant.
en	en	majority	The greater number.
en	en	make	Form (something) by putting parts together or combining substances; construct; create.
en	en	male	Of or denoting the sex that produces small, typically motile gametes, especially spermatozoa, with which a female may be fertilized or inseminated to produce offspring.
en	en	mall	A large building or series of connected buildings containing a variety of retail stores and typically also restaurants.
en	en	man	An adult human male.
en	en	manage	Be in charge of (a company, establishment, or undertaking); administer; run.
en	en	management	The process of dealing with or controlling things or people.
en	en	manager	A person responsible for controlling or administering all or part of a company or similar organization.
en	en	manner	A way in which a thing is done or happens.
en	en	many	A large number of.
en	en	map	A diagrammatic representation of an area of land or sea showing physical features, cities, roads, etc.
en	en	march	Walk in a military manner with a regular measured tread.
en	en	mark	A small area on a surface having a different color from its surroundings, typically one caused by accident or damage.
en	en	market	A regular gathering of people for the purchase and sale of provisions, livestock, and other commodities.
en	en	marketing	The action or business of promoting and selling products or services, including market research and advertising.
en	en	marriage	The legally or formally recognized union of two people as partners in a personal relationship (historically and in some jurisdictions specifically a union between a man and a woman).
en	en	married	(of two people) united in marriage.
en	en	marry	Join in marriage.
en	en	mass	A coherent, typically large body of matter with no definite shape.
en	en	massive	Large and heavy or solid.
en	en	master	A man who has people working for him, especially servants or slaves.
en	en	match	A contest in which people or teams compete against each other in a particular sport.
en	en	matching	Correspond or cause to correspond in some essential respect; make or be harmonious.
en	en	material	The matter from which a thing is or can be made.
en	en	mathematics	The abstract science of number, quantity, and space. Mathematics may be studied in its own right ( <i>pure mathematics</i> ), or as it is applied to other disciplines such as physics and engineering ( <i>applied mathematics</i> ).
en	en	maths	Mathematics.
en	en	matter	Physical substance in general, as distinct from mind and spirit; (in physics) that which occupies space and possesses rest mass, especially as distinct from energy.
en	en	maximum	As great, high, or intense as possible or permitted.
en	en	may	Expressing possibility.
en	en	maybe	Perhaps; possibly.
en	en	me	Maine (in official postal use).
en	en	meal	Any of the regular occasions in a day when a reasonably large amount of food is eaten, such as breakfast, lunch, or dinner.
en	en	mean	The value obtained by dividing the sum of several quantities by their number; an average.
en	en	meaning	What is meant by a word, text, concept, or action.
en	en	means	Intend to convey, indicate, or refer to (a particular thing or notion); signify.
en	en	meanwhile	In the intervening period of time.
en	en	measure	Ascertain the size, amount, or degree of (something) by using an instrument or device marked in standard units or by comparing it with an object of known size.
en	en	measurement	The action of measuring something.
en	en	meat	The flesh of an animal (especially a mammal) as food.
en	en	media	An agency or means of doing something.
en	en	medical	Relating to the science of medicine, or to the treatment of illness and injuries.
en	en	medicine	The science or practice of the diagnosis, treatment, and prevention of disease (in technical use often taken to exclude surgery).
en	en	medium	An agency or means of doing something.
en	en	meet	Come into the presence or company of (someone) by chance or arrangement.
en	en	meeting	Come into the presence or company of (someone) by chance or arrangement.
en	en	melt	Make or become liquefied by heat.
en	en	member	A person, animal, or plant belonging to a particular group.
en	en	memory	The faculty by which the mind stores and remembers information.
en	en	mental	Relating to the mind.
en	en	mention	Refer to something briefly and without going into detail.
en	en	menu	A list of dishes available in a restaurant.
en	en	mess	A dirty or untidy state of things or of a place.
en	en	message	A verbal, written, or recorded communication sent to or left for a recipient who cannot be contacted directly.
en	en	metal	A solid material that is typically hard, shiny, malleable, fusible, and ductile, with good electrical and thermal conductivity (e.g., iron, gold, silver, copper, and aluminum, and alloys such as brass and steel).
en	en	method	A particular form of procedure for accomplishing or approaching something, especially a systematic or established one.
en	en	metre	British spelling of meter<sup>1</sup>.
en	en	middle	The point or position at an equal distance from the sides, edges, or ends of something.
en	en	midnight	Twelve o'clock at night.
en	en	might	Past of may<sup>1</sup>.
en	en	mild	Not severe, serious, or harsh.
en	en	mile	A unit of linear measure equal to 5,280 feet, or 1,760 yards (approximately 1.609 kilometers).
en	en	military	Relating to or characteristic of soldiers or armed forces.
en	en	milk	An opaque white fluid rich in fat and protein, secreted by female mammals for the nourishment of their young.
en	en	million	The number equivalent to the product of a thousand and a thousand; 1,000,000 or 10<sup>6</sup>.
en	en	mind	The element of a person that enables them to be aware of the world and their experiences, to think, and to feel; the faculty of consciousness and thought.
en	en	mine	An excavation in the earth for extracting coal or other minerals.
en	en	mineral	A solid inorganic substance of natural occurrence.
en	en	minimal	Of a minimum amount, quantity, or degree; negligible.
en	en	minimum	The least or smallest amount or quantity possible, attainable, or required.
en	en	minister	A member of the clergy, especially in Protestant churches.
en	en	minor	Lesser in importance, seriousness, or significance.
en	en	minority	The smaller number or part, especially a number that is less than half the whole number.
en	en	mirror	A reflective surface, now typically of glass coated with a metal amalgam, that reflects a clear image.
en	en	miss	Fail to hit, reach, or come into contact with (something aimed at).
en	en	missing	Fail to hit, reach, or come into contact with (something aimed at).
en	en	mission	An important assignment carried out for political, religious, or commercial purposes, typically involving travel.
en	en	mistake	An action or judgment that is misguided or wrong.
en	en	mix	Combine or put together to form one substance or mass.
en	en	mixed	Combine or put together to form one substance or mass.
en	en	mixture	A substance made by mixing other substances together.
en	en	mobile	Able to move or be moved freely or easily.
en	en	modal	Relating to mode or form as opposed to substance.
en	en	model	A three-dimensional representation of a person or thing or of a proposed structure, typically on a smaller scale than the original.
en	en	modern	Relating to the present or recent times as opposed to the remote past.
en	en	modify	Make partial or minor changes to (something), typically so as to improve it or to make it less extreme.
en	en	moment	A very brief period of time.
en	en	monday	The day of the week before Tuesday and following Sunday.
en	en	money	A current medium of exchange in the form of coins and banknotes; coins and banknotes collectively.
en	en	monitor	An instrument or device used for observing, checking, or keeping a continuous record of a process or quantity.
en	en	month	Each of the twelve named periods into which a year is divided.
en	en	mood	A temporary state of mind or feeling.
en	en	moon	The natural satellite of the earth, visible (chiefly at night) by reflected light from the sun.
en	en	moral	Concerned with the principles of right and wrong behavior and the goodness or badness of human character.
en	en	more	A greater or additional amount or degree.
en	en	morning	The period of time between midnight and noon, especially from sunrise to noon.
en	en	most	Greatest in amount or degree.
en	en	mostly	As regards the greater part or number.
en	en	mother	A woman in relation to her child or children.
en	en	motor	A machine, especially one powered by electricity or internal combustion, that supplies motive power for a vehicle or for some other device with moving parts.
en	en	motorcycle	A two-wheeled vehicle that is powered by a motor and has no pedals.
en	en	mount	Climb up (stairs, a hill, or other rising surface).
en	en	mountain	A large natural elevation of the earth's surface rising abruptly from the surrounding level; a large steep hill.
en	en	mouse	A small rodent that typically has a pointed snout, relatively large ears and eyes, and a long tail.
en	en	mouth	The opening in the lower part of the human face, surrounded by the lips, through which food is taken in and from which speech and other sounds are emitted.
en	en	move	Go in a specified direction or manner; change position.
en	en	movement	An act of changing physical location or position or of having this changed.
en	en	movie	A story or event recorded by a camera as a set of moving images and shown in a theater or on television; a motion picture.
en	en	much	A large amount.
en	en	mud	Soft, sticky matter resulting from the mixing of earth and water.
en	en	multiple	Having or involving several parts, elements, or members.
en	en	multiply	Obtain from (a number) another that contains the first number a specified number of times.
en	en	mum	One's mother.
en	en	murder	The unlawful premeditated killing of one human being by another.
en	en	muscle	A band or bundle of fibrous tissue in a human or animal body that has the ability to contract, producing movement in or maintaining the position of parts of the body.
en	en	museum	A building in which objects of historical, scientific, artistic, or cultural interest are stored and exhibited.
en	en	music	Vocal or instrumental sounds (or both) combined in such a way as to produce beauty of form, harmony, and expression of emotion.
en	en	musical	Relating to music.
en	en	musician	A person who plays a musical instrument, especially as a profession, or is musically talented.
en	en	must	Be obliged to; should (expressing necessity).
en	en	myself	Used by a speaker to refer to himself or herself as the object of a verb or preposition when he or she is the subject of the clause.
en	en	mysterious	Difficult or impossible to understand, explain, or identify.
en	en	mystery	Something that is difficult or impossible to understand or explain.
en	en	nail	A small metal spike with a broadened flat head, driven typically into wood with a hammer to join things together or to serve as a peg or hook.
en	en	name	A word or set of words by which a person, animal, place, or thing is known, addressed, or referred to.
en	en	narrative	A spoken or written account of connected events; a story.
en	en	narrow	(especially of something that is considerably longer or higher than it is wide) of small width.
en	en	nation	A large body of people united by common descent, history, culture, or language, inhabiting a particular country or territory.
en	en	national	Relating to a nation; common to or characteristic of a whole nation.
en	en	native	A person born in a specified place or associated with a place by birth, whether subsequently resident there or not.
en	en	natural	Existing in or caused by nature; not made or caused by humankind.
en	en	naturally	Without special help or intervention; in a natural manner.
en	en	nature	The phenomena of the physical world collectively, including plants, animals, the landscape, and other features and products of the earth, as opposed to humans or human creations.
en	en	near	At or to a short distance away; nearby.
en	en	nearly	Very close to; almost.
en	en	neat	(of a place or thing) arranged in an orderly, tidy way.
en	en	necessarily	As a necessary result; inevitably.
en	en	necessary	Required to be done, achieved, or present; needed; essential.
en	en	neck	The part of a person's or animal's body connecting the head to the rest of the body.
en	en	need	Require (something) because it is essential or very important.
en	en	needle	A very fine slender piece of metal with a point at one end and a hole or eye for thread at the other, used in sewing.
en	en	negative	Consisting in or characterized by the absence rather than the presence of distinguishing features.
en	en	neighbour	A person living near or next door to the speaker or person referred to.
en	en	neighbourhood	A district, especially one forming a community within a town or city.
en	en	neither	Not the one nor the other of two people or things; not either.
en	en	nerve	(in the body) a whitish fiber or bundle of fibers that transmits impulses of sensation to the brain or spinal cord, and impulses from these to the muscles and organs.
en	en	nervous	Easily agitated or alarmed; tending to be anxious; highly strung.
en	en	network	An arrangement of intersecting horizontal and vertical lines.
en	en	never	At no time in the past or future; on no occasion; not ever.
en	en	nevertheless	In spite of that; notwithstanding; all the same.
en	en	new	Not existing before; made, introduced, or discovered recently or now for the first time.
en	en	news	Newly received or noteworthy information, especially about recent or important events.
en	en	newspaper	A printed publication (usually issued daily or weekly) consisting of folded unstapled sheets and containing news, feature articles, advertisements, and correspondence.
en	en	next	(of a time or season) coming immediately after the time of writing or speaking.
en	en	nice	Pleasant; agreeable; satisfactory.
en	en	night	The period of darkness in each twenty-four hours; the time from sunset to sunrise.
en	en	nightmare	A frightening or unpleasant dream.
en	en	nine	Equivalent to the product of three and three; one more than eight, or one less than ten; 9.
en	en	nineteen	One more than eighteen; nine more than ten; 19.
en	en	ninety	Equivalent to the product of nine and ten; ten less than one hundred; 90.
en	en	no	Not any.
en	en	nobody	No person; no one.
en	en	noise	A sound, especially one that is loud or unpleasant or that causes disturbance.
en	en	noisy	Making or given to making a lot of noise.
en	en	none	Not any.
en	en	nor	Used before the second or further of two or more alternatives (the first being introduced by a negative such as ‚Äúneither‚Äù or ‚Äúnot‚Äù) to indicate that they are each untrue or each do not happen.
en	en	normal	Conforming to a standard; usual, typical, or expected.
en	en	normally	Under normal or usual conditions; as a rule.
en	en	north	The direction in which a compass needle normally points, toward the horizon on the left-hand side of a person facing east, or the part of the horizon lying in this direction.
en	en	northern	Situated in the north, or directed toward or facing the north.
en	en	nose	The part projecting above the mouth on the face of a person or animal, containing the nostrils and used for breathing and smelling.
en	en	not	Used with an auxiliary verb or ‚Äúbe‚Äù to form the negative.
en	en	note	A brief record of facts, topics, or thoughts, written down as an aid to memory.
en	en	nothing	Not anything; no single thing.
en	en	notice	The fact of observing or paying attention to something.
en	en	notion	A conception of or belief about something.
en	en	novel	A fictitious prose narrative of book length, typically representing character and action with some degree of realism.
en	en	november	The eleventh month of the year, in the northern hemisphere usually considered the last month of autumn.
en	en	now	At the present time or moment.
en	en	nowhere	Not in or to any place; not anywhere.
en	en	nuclear	Relating to the nucleus of an atom.
en	en	number	An arithmetical value, expressed by a word, symbol, or figure, representing a particular quantity and used in counting and making calculations and for showing order in a series or for identification.
en	en	numerous	Great in number; many.
en	en	nurse	A person trained to care for the sick or infirm, especially in a hospital.
en	en	nut	A fruit consisting of a hard or tough shell around an edible kernel.
en	en	obey	Comply with the command, direction, or request of (a person or a law); submit to the authority of.
en	en	object	A material thing that can be seen and touched.
en	en	objective	(of a person or their judgment) not influenced by personal feelings or opinions in considering and representing facts.
en	en	obligation	An act or course of action to which a person is morally or legally bound; a duty or commitment.
en	en	observation	The action or process of observing something or someone carefully or in order to gain information.
en	en	observe	Notice or perceive (something) and register it as being significant.
en	en	observing	Notice or perceive (something) and register it as being significant.
en	en	obtain	Get, acquire, or secure (something).
en	en	obvious	Easily perceived or understood; clear, self-evident, or apparent.
en	en	obviously	In a way that is easily perceived or understood; clearly.
en	en	occasion	A particular time or instance of an event.
en	en	occasionally	At infrequent or irregular intervals; now and then.
en	en	occur	Happen; take place.
en	en	ocean	A very large expanse of sea, in particular each of the main areas into which the sea is divided geographically.
en	en	october	The tenth month of the year, in the northern hemisphere usually considered the second month of autumn.
en	en	odd	Different from what is usual or expected; strange.
en	en	off	Away from the place in question; to or at a distance.
en	en	offence	A breach of a law or rule; an illegal act.
en	en	offend	Cause to feel upset, annoyed, or resentful.
en	en	offensive	Causing someone to feel deeply hurt, upset, or angry.
en	en	offer	Present or proffer (something) for (someone) to accept or reject as so desired.
en	en	parsing	Analyze (a sentence) into its parts and describe their syntactic roles.
en	en	particular	Used to single out an individual member of a specified group or class.
en	en	prep	Prepare (something); make ready.
en	en	required	Officially compulsory, or otherwise considered essential; indispensable.
en	en	reserved	Slow to reveal emotion or opinions.
en	en	ruler	A person exercising government or dominion.
en	en	scientific	Based on or characterized by the methods and principles of science.
en	en	sensei	(in martial arts) a teacher.
en	en	sewing	The action or activity of sewing.
en	en	spec	Short for specification (sense 2 of the noun).
en	en	taking	The action or process of taking something.
en	en	text	A book or other written or printed work, regarded in terms of its content rather than its physical form.
en	en	turbofan	A jet engine in which a turbine-driven fan provides additional thrust.
en	en	unspecified	Not stated clearly or exactly.
en	en	v·∫´n	A winnowing fan.
ja	en	cong201905271421	cong 201905271421
ja	en	ƒëƒÉÃ£t	time
ja	en	„ÅäÂ±ä„ÅëÂ∏åÊúõÊôÇÈñìÂ∏Ø	desired delivery time zone
ja	en	„Å´„Å§„ÅÑ„Å¶	about
ja	en	„ÅÆ	of, to
ja	en	„Å∏	what, to
ja	en	„Åæ„Åô	i will
ja	en	„Çí	the
ja	en	„Ç≠„É£„É≥„Éö„Éº„É≥„Å∏ÂøúÂãü„Åô„Çã	apply for a campaign
ja	en	‰ªñ„ÅÆ	other
ja	en	‰ºöÁ§æ	company, corporation
ja	en	ÂâäÈô§	delete, deletion, elimination
ja	en	ÂâçÂõû	last time, last installment, last session
ja	en	Âïè„ÅÑÂêà„Çè„Åõ	inquiry, enquiry
ja	en	Â±ä„Åë	delivery, notification, report
ja	en	ÂøÖÈ†à	required, indispensable
ja	en	Êàª„Çã	return, turn back
ja	en	Êàª„Çã"	return", return, turn back
ja	en	ÊâãÁ∂ö„Åç	procedure, process, formality
ja	en	ÁîªÈù¢	screen, picture, scene
ja	en	ÈÅé„Åé	past, after
ja	en	ÈÖç	distribution
ja	en	ÈÖçÈÄÅ	delivery
ja	en	Ôºö	:
uz	en	mendan	from me, i, me
vi	en	_ƒëang	_are, worth, worthy, due, worthily
vi	en	anh	brother, you
vi	en	ch∆∞a	not yet, sour, acid
vi	en	ch·ªó	place, give, provide
vi	en	cong	curvy, hunch, scorpio
vi	en	giao	delivered, consign
vi	en	h√†ng	line, row, rank
vi	en	h·ªç	they, them, surname, last name
vi	en	l·∫°i	again, crossbred, halfblood
vi	en	m·∫°ng	network, carry, carry, bear
vi	en	n·ªÅn	background, concentrate
vi	en	ph·∫£i	right, shall, ought, yea
vi	en	v·ªõi	with, and
vi	en	ƒë√†o	dig, excavate, bore, peach
zh-CN	en	Êó•	day, date, japan, japanese
zh-CN	en	Ê∫ñÂÇô	ready, preparation, prepare
